<?xml version="1.0" encoding="utf-8" standalone="yes"?>
<?xml-stylesheet href="./c74ref.xsl" type="text/xsl"?>

<c74object name="MTS-ESP.mtof" module="" category="">

    <digest>
        Query retuning for a MIDI note
    </digest>
​
    <description>
        Query the MTS-ESP library for the frequency and retuning amount for a given MIDI note. If the MIDI channel (1-16) on which the note was received is known it should be sent to the right inlet, else set right inlet to 0.<br /><br />
        The left outlet outputs the absolute frequency value.<br /><br />
        The left middle outlet outputs the retuning as a ratio from the standard 12-TET tuning for the given MIDI note number.<br /><br />
        The right middle outlet outputs the deviation in semitones from 12-TET tuning.<br /><br />
		The right outlet outputs a 1 if the note should be played, or 0 if it should be ignored, since the MTS-ESP library allows for MIDI notes to be unmapped. 
    </description>
    
    <!--METADATA-->
	<metadatalist>
		<metadata name="author">Oliver Cash</metadata>
		<metadata name="tag">MTS-ESP</metadata>
		<metadata name="tag">Microtuning</metadata>
	</metadatalist>
	
	<!--INLETS-->
	<inletlist>
		<inlet id="0" type="bang/int/float/list">
			<digest>MIDI note number, bang to update outlets</digest>
		</inlet>
		<inlet id="1" type="int/float/list">
			<digest>MIDI channel if known (1-16), otherwise 0</digest>
		</inlet>
	</inletlist>
	
	<!--MESSAGES-->
	<methodlist>
		<method name="bang">
			<arglist />
			<digest>
				Update outlets using most recent values
			</digest>
			<description>
				In left inlet: Update the outlets using the values for MIDI note and channel currently stored.
			</description>
		</method>
		<method name="int">
			<arglist />
			<digest>
				Depends on inlet
			</digest>
			<description>
				In left inlet: MIDI note number.<br /><br />
				In right inlet: Set the MIDI channel (1-16) on which the note was received, if known, else set to 0 (default).
			</description>
		</method>
		<method name="float">
			<arglist />
			<digest>
				Depends on inlet
			</digest>
			<description>
				In left or right inlet: converted to <m>int</m>.
			</description>
		</method>
		<method name="list">
			<arglist />
			<digest>
				Depends on inlet
			</digest>
			<description>
				In left inlet: A list of MIDI note numbers, converted to <m>int</m>. Will generate corresponding lists of values at outlets.<br /><br />
				In right inlet: A list of MIDI channels corresponding to notes in list at left input. Send a single <m>int</m> to use the same MIDI channel for all notes in the list, 1-16 or 0 (default) if unknown.
			</description>
		</method>
	</methodlist>
	
	<!--SEEALSO-->
	<seealsolist>
		<seealso name="MTS-ESP.ftom"/>
		<seealso name="MTS-ESP.mtof~"/>
		<seealso name="mc.MTS-ESP.mtof~"/>
	</seealsolist>
	
</c74object>